Index,Word,Meaning
0,2,to
1,4,for
2,9,Parent is watching
3,19,Zero hand 
4,20,location
5,81, Hells Angels 
6,86,Over
7,88,Hugs and kisses
8,121,One-to-one 
9,143,I love you
10,182,I hate you
11,404,I don’t know
12,411,information
13,420,Lets get high
14,459,Means I love you 
15,511,Too much information 
16,555,"Sobbing, crying. "
17,831,I love you 
18,1337,"Leet,  ‘elite’"
19,1432,I love you too
20,55555,haha
21,*s*,smile
22,*w*,wink
23,.02,My  two cents worth
24,;S,Hmm? What did you say?
25,?,I don’t understand what you mean
26,?4U,I have a question for you
27,@TEOTD,At the end of the day
28,^^,read line
29,^5,High-five
30,^URS,Up yours
31,</3,broken heart
32,<3,sideways heart
33,<3333,heart or love
34,10M,Ten man 
35,10Q,Thank you
36,10X,Thanks
37,14AA41,"One for all, and all for one"
38,1CE,Once
39,1DR,I wonder
40,1NAM,One in a million
41,"1TG, 2TG", number of items needed for win 
42,1UP, extra life 
43,2B,To be
44,2EZ,Too easy
45,2G2BT,Too good to be true
46,2M2H,Too much to handle
47,2MI,Too much information
48,2MOR,Tomorrow
49,2MORO,Tomorrow
50,2N8,Tonight
51,2NTE,Tonight
52,4AO,For adults only
53,4COL,For crying out loud
54,4EAE,Forever and ever
55,4EVA,Forever
56,4NR,Foreigner
57,4SALE,For sale
58,6Y,Sexy
59,7K,Sick
60,A/N,Author’s note
61,A/S/L,Age/sex/location
62,A3,"Anytime, anywhere, anyplace"
63,AA,As above
64,AAF,As a matter of fact
65,AAK,Asleep at keyboard
66,AAMOF,As a matter of fact
67,AAMOI,As a matter of interest
68,AAP,Always a pleasure
69,AAR,At any rate
70,AAS,Alive and smiling
71,AASHTA,"As always, Sheldon has the answer "
72,AATK,Always at the keyboard
73,AAYF,"As always, your friend"
74,ABBR, abbreviation
75,ABC,Already been chewed
76,ABD,Already been done
77,ABT,About
78,ABT2, ‘About to’
79,ABTA, Good-bye 
80,ABU,All bugged up
81,AC,Acceptable content
82,ACC,Anyone can come
83,ACD,ALT / CONTROL / DELETE
84,ACDNT,Accident 
85,ACE, marijuana cigarette
86,ACK,Acknowledge
87,ACPT,Accept 
88,ACQSTN,Acquisition 
89,ADAD,"Another day, another dollar"
90,ADBB,"All done, bye-bye"
91,ADD,Address
92,ADDY,Address
93,ADIH,Another day in hell
94,ADIP,Another day in paradise
95,ADMIN,Administrator
96,ADMINR,Administrator 
97,ADN,Any day now
98,ADR,Address
99,AE,Area effect 
100,AEAP,As early as possible
101,AF,April Fools
102,AFAIAA,As far as I am aware
103,AFAIC,As far as I am concerned
104,AFAIK,As far as I know
105,AFAIUI,As far as I understand it
106,AFAP,As far as possible
107,AFC,Away from computer
108,AFFA,"Angels Forever, Forever Angels"
109,AFJ,April Fool’s joke
110,AFK,Away from keyboard
111,AFPOE,A fresh pair of eyes
112,AFZ,Acronym Free Zone
113,AGI,agility
114,AH,At home
115,AIAMU,And I am a money’s uncle
116,AIGHT,Alright
117,AIR,As I remember
118,AISB,As it should be
119,AISI,As I see it
120,AITR,Adult in the room
121,AKA,Also known as
122,ALCON,All concerned
123,ALOL,Actually laughing out loud
124,AMA,Ask me anything 
125,AMAP,As much as possible
126,AMBW,All my best wishes
127,AML,All my love
128,AMOF,As a matter of fact
129,AO,Anarchy Online 
130,AOC,Available on cell
131,AOE,Area of effect 
132,AOM,Age of majority
133,AOTA,All of the above
134,AOYP,Angel on your pillow
135,APAC,All praise and credit
136,APP,Application
137,AQAP,As quick  as possible
138,ARC,Archive 
139,ARE,Acronym rich environment
140,ARG,Argument
141,ASAP,As soon as possible
142,ASIG,And so it goes
143,ASL,Age/sex/location
144,ASLA,Age/sex/location/availability
145,AT,At your terminal
146,ATB,All the best
147,ATEOTD,At the end of the day
148,ATM,At the moment
149,ATSITS,All the stars in the sky
150,ATSL,Along the same line 
151,AWC,After awhile crocodile
152,AWESO,Awesome
153,AWOL,Away without leaving
154,AYBABTU,All your base are belong to us 
155,AYDY,Are you done yet?
156,AYEC,At your earliest convenience
157,AYOR,At your own risk
158,AYS,Are you serious?
159,AYSOS,Are you stupid or something?
160,AYT,Are you there?
161,AYTMTB,And you’re telling me this because
162,AYV,Are you vertical?
163,AYW,As you were
164,AZN,Asian
165,B,Back
166,B&,Banned
167,B/C,Because
168,B/F,Boyfriend
169,B/G,Background 
170,B2B,Business-to-business
171,B2C,Business-to-consumer
172,B2W,Back to work
173,B4,Before
174,B4N,Bye for now
175,B8,Bait 
176,B9,Boss is watching
177,BA,Bad *a*
178,BAE,Before anyone else
179,BAFO,Best and final offer
180,BAG,Busting a gut
181,BAK,Back at keyboard
182,BAM,Below average mentality
183,BAMF,Bad *a* mother *f*
184,BAO,Be aware of
185,BAS,Big ‘butt’ smile
186,BASIC, anything mainstream
187,BASOR,Breathing a sigh of relief
188,BAU,Business as usual
189,BAY,Back at ya
190,BB,Be back
191,BBC,Big bad challenge
192,BBIAB,Be back in a bit
193,BBIAF,Be back in a few
194,BBIAM,Be back in a minute
195,BBIAS,Be back in a sec
196,BBL,Be back later
197,BBN,"Bye, bye now"
198,BBQ,"Ownage,"
199,BBS,Be back soon
200,BBT,Be back tomorrow
201,BC,Because
202,BCNU,Be seeing you
203,BCO,Big crush on
204,BCOS,Because
205,BCOY,Big crush on you
206,BD,Big deal
207,BDAY,Birthday
208,B-DAY,Birthday
209,BDN,Big darn number
210,BEG,Big evil grin
211,BELF,Blood Elf
212,BF,Boyfriend
213,BF2,Battlefield 2 
214,BFAW,Best friend at work
215,BFD,Big freaking deal
216,BFF,Best friends forever
217,BFFL,Best friends for life
218,BFFLNMW,"Best friends for life, no matter what"
219,BFFN,Best friend for now
220,BFG,Big freaking grin
221,BFN,Bye for now
222,BG,Big grin
223,BGWM,Be gentle with me
224,BHL8,Be home late
225,BIB,Boss is back
226,BIBO,"Beer in, beer out"
227,BIC,Butt in chair
228,BIF,Before I forget
229,BIH,Burn in hell
230,BIL,Brother in law
231,BIO,I’m going to the bathroom
232,BION,Believe it or not
233,BIOYA,Blow it out your *a*
234,BIOYN,Blow it out your nose
235,BIS,Best in slot 
236,BISFLATM,"Boy, I sure feel like a turquoise monkey! "
237,BITMT,But in the meantime
238,BL,Belly laugh
239,BLNT,Better luck next time
240,Bloke, Man 
241,BM,Bite me
242,BM&Y,Between me and you
243,BME,Based on my experience
244,BMS,"Broke my scale, used when rating someone"
245,BN,Bad news
246,BOB,Back off *buddy*
247,BOE,bind on equip
248,BOHICA,Bend over here it comes again
249,BOL,Best of luck
250,BOLO,Be on the look out
251,BOM,*b* of mine
252,BOOMS,Bored out of my skull
253,BOP,bind on pickup
254,BOSMKL,Bending over smacking my knee laughing
255,BOT,Back on topic
256,BOYF,Boyfriend
257,BPLM,Big person little mind
258,BR,Best regards
259,BRB,Be right back
260,BRBB,Be right back *b*
261,BRD,Bored
262,BRH,Be right here
263,BRNC,"Be right back, nature calls"
264,BRT,Be right there
265,BSF,But seriously folks
266,BSOD,Blue screen of death
267,BSTS,Better safe than sorry
268,BT,Bite this
269,BTA,But then again
270,BTDT,"Been there, done that"
271,BTW,By the way
272,BTYCL, ‘Bootycall’
273,BUBU,Slang term for the most beautiful of women
274,Buff,changed and is now stronger
275,BURN,Used to reference an insult
276,BWL,Bursting with laughter
277,BYOB,Bring your own beer
278,BYOC,Bring your own computer
279,BYOD,Bring your own device
280,BYOH,Bat you on  head
281,BYOP,Bring your own paint 
282,BYTM,Better you than me
283,C&G,Chuckle & grin
284,C/P,Cross post
285,C4N,Ciao for now
286,CAD,Control + Alt + Delete
287,Cakeday, Birthday 
288,CAM,Camera 
289,CB,Coffee break
290,CD9,parents are around
291,CFS,Care for secret?
292,CFY,Calling for you
293,CHK,Check
294,CIAO,Good-bye 
295,CICO,"Coffee in, coffee out"
296,CID,Crying in disgrace
297,CLAB,Crying like a baby
298,CLD,Could
299,CLK,Click
300,CM,Call me
301,CMAP,Cover my *a* partner 
302,CMB,Call me back
303,CMGR,Community manager
304,CMIIW,Correct me if I’m wrong
305,CMON,Come on
306,CNP,Continued  next post
307,COB,Close of business
308,COH,City of Heroes 
309,COS,Because
310,CP,Chat post 
311,CR8,Create
312,CRA CRA,crazy
313,CRAFT,Can’t remember a *freaking* thing
314,Cray, crazy
315,CRB,Come right back
316,CRBT,Crying really big tears
317,CRE8,Create
318,CRIT,critical hit
319,CRS,Can’t remember *stuff*
320,CRZ,Crazy
321,CSG,"Chuckle, snicker, grin"
322,CSL,Can’t stop laughing
323,CSS,Counter-Strike Source 
324,CT,Can’t talk
325,CTC,Care to chat?
326,CTHU,Cracking the *heck* up
327,CTN,Can’t talk now
328,CTO,Check this out
329,CU,See you too
330,CU2,See you
331,CUA,See you around
332,CUL,See you later
333,CUL8R,See you later
334,CULA,See you later alligator
335,CUMID,See you in my dreams
336,CURLO,See you around like a donut
337,CWD,Comment when done
338,CWOT,Complete waste of time
339,CWYL,Chat with you later
340,CX,Correction
341,CYA,See you
342,CYAL8R,See you later
343,CYE,Check your e-mail
344,CYEP,Close your eyes partner 
345,CYO,See you online
346,D/L,Download
347,d00d,Dude
348,D2,Dedos / fingers 
349,D46?,Down for sex?
350,DA,The
351,DAE,Does anyone else?
352,DAFUQ, the *Freak*?
353,DAM,Don’t annoy me
354,DAoC,Dark Age of Camelot 
355,DBAU,Doing business as usual
356,DBEYR,Don’t believe everything you read
357,DC,Disconnect
358,DD,Dear  daughter
359,DDG,Drop dead gorgeous
360,DEEZ NUTZ,A phrase used in online chat to annoy or frustrate those involved in the conversation.
361,DEGT,Dear  daughter
362,DERP, stupid or silly
363,DF,Don’t even go there
364,DFL,Dead *freaking* last 
365,DGA,Don’t go anywhere
366,DGAF,Don’t give a *freak*
367,DGT,Don’t go there
368,DGTG,"Don’t go there, girlfriend"
369,DGYF,"Dang, girl you fine"
370,DH,Dear  husband
371,DHU,Dinosaur hugs 
372,DIIK,Darned if I know
373,DIKU,Do I know you?
374,DILLIGAF,Do I look like I give a *freak*?
375,DILLIGAS,Do I look like I give a sugar?
376,DIS,Did I say?
377,DITYID,Did I tell you I’m distressed?
378,DIY,Do it yourself
379,DKDC,"Don’t know, don’t care"
380,DKP,Dragon kill points 
381,DL,Download
382,DLBBB,Don’t let  bed bugs bite
383,DLTBBB,Don’t let the bed bugs bite
384,DM,Doesn’t matter
385,DMNO,Dude Man No Offense
386,DMY,Don’t mess yourself
387,DN,Down
388,DNC,Do not compute 
389,DNR,Dinner 
390,DNT,Don’t
391,DOE,Daughter of Eve
392,DORBS,Adorable
393,DOT,Damage over time 
394,Downvote,Voting negatively on a thread using Reddit s voting system 
395,DPS,Damage per second 
396,DQMOT,Don’t quote me on this
397,DR,Didn’t read
398,DS,Dear  son
399,DTR,Define the relationship
400,DTRT,Do the right thing
401,DTS,Don’t think so
402,DTTD,Don’t touch that dial
403,DUPE,Duplicate
404,DUR,Do you remember?
405,DV8,Deviate
406,DW,Dear  wife
407,DWF,Divorced white female
408,DWM,Divorced white male
409,DXNRY,Dictionary
410,DYFI,Did you find it?
411,DYFM,"Dude, you fascinate me"
412,DYJHIW,Don’t you just hate it when…?
413,DYNWUTB,Do you know what you are talking about?
414,DYOR,Do your own research 
415,E,Ecstasy
416,E1,Everyone
417,E123,"Easy as one, two, three"
418,E2EG,Ear to ear grin
419,EAK,Eating at keyboard
420,EBKAC,Error between keyboard and chair
421,ED,Erase display
422,EF4T,Effort
423,EG,Evil grin
424,EI,Eat it
425,EIP,Editing in progress
426,ELI5,Explain like I’m 5
427,EM,E-mail 
428,EMA,E-mail address 
429,EMBAR,Embarassing
430,EMFBI,Excuse me for butting in
431,EMSG,E-mail message
432,ENUF,Enough
433,EOD,End of day
434,EOL,End of lecture
435,EOM,End of message
436,EOS,End of show
437,EOT,End of transmission
438,EQ,EverQuest 
439,ERP,Erotic Role-Play
440,ERS2,Eres tz / are you 
441,ES,Erase screen
442,ESAD,Eat *S* and die!
443,ETA,Estimated time  arrival
444,EVA,Ever
445,EVO,Evolution
446,EWG,Evil wicked grin 
447,EWI,Emailing while intoxicated
448,EXTRA, over the top
449,EYC,"Excitable, yet calm"
450,EZ,Easy
451,EZY,Easy
452,F, female
453,F2F,Face to face
454,F2P,Free to play 
455,F4F,Follow for follow 
456,FAAK,Falling asleep at keyboard
457,FAB,Fabulous
458,Facepalm,smacking your forehead with your palm
459,FAF,Funny as *freak*
460,FAM,"FFamily, but not limited to actual family members. Could mean friends."
461,FAQ,Frequently asked questions
462,FAY,*Freak* all you
463,FB,Facebook
464,FBB,Facebook buddy
465,FBC,Facebook chat
466,FBF,Flashback Friday
467,FBFR,FaceBook friend
468,FBM,Fine by me
469,FBO,Facebook official 
470,FBOW,For better or worse
471,FC,Fingers crossed
472,FC’INGO,For crying out loud
473,FCOL,For crying out loud
474,Feelsbadman,A social meme that means to feel negative.
475,Feelsbatman,feelsbadman
476,Feelsgoodman,A social meme that means to feel positive.
477,FEITCTAJ,*Freak* ’em if they can’t take a joke
478,FF,Follow Friday 
479,FFA,Free for all 
480,FFS,For *freak’*sakes
481,FICCL,Frankly I couldn’t care a less
482,FIF,*Freak* I’m funny
483,FIIK,*Freaked* if I know
484,FIIOOH,"Forget it, I’m out of here"
485,FIL,Father in law
486,FIMH,Forever in my heart
487,Finna,Going to
488,Finsta,A second Instagram account where someone can post things that they’re too afraid to post on their main account.
489,FISH,"First in, still here"
490,FITB,Fill in the blank
491,FML,*Freak* My Life
492,FOAD,*Freak* off and die
493,FOAF,Friend of a friend
494,FOMC,Falling off my chair
495,FOMCL,Falling off my chair laughing
496,FOMO,Fear of missing out 
497,FRT,For real though
498,FTBOMH,From the bottom of my heart
499,FTFY,Fixed that for you
500,FTL,For the loss
501,FTW,For the win
502,FU,*Freak* you
503,FUBAR,Fouled up beyond all recognition
504,FUBB,Fouled up beyond belief
505,FUD,Face up deal 
506,FUTAB,"Feet up, take a break"
507,FW,Forward
508,FWB,Friend with benefits
509,FWIW,For what it’s worth
510,FWM,Fine with me
511,FWP,First world problems
512,FYA,For your amusement
513,FYE,"Fire, something that is cool"
514,FYEO,For your eyes only
515,FYI,For your information
516,G,Grin
517,G/F,Girlfriend
518,G+,Google+
519,G2CU,Good to see you
520,G2G,Got to go
521,G2GICYAL8ER,Got to go I’ll see you later
522,G2R,Got to run
523,G2TU,Got to tell u 
524,G4C,Going for coffee
525,G9,Genius
526,GA,Go ahead
527,GAC,Get a clue
528,GAFC,Get a *freaking* clue
529,GAL,Get a life
530,GANK, a player ambush or unfair player kill 
531,GAS,Got a second?
532,GB,Goodbye
533,GBTW,Get back to work
534,GBU,God bless you
535,GD,Good
536,GD/R,"Grinning, ducking, and running"
537,GDR,"Grinning, ducking, and running"
538,GF,Girl friend
539,GFI,Go for it
540,GFN,Gone for now
541,GG,Gotta Go
542,GGA,"Good game, all "
543,GGE1,"Good game, everyone "
544,GGMSOT,Gotta get me some of that
545,GGOH,Gotta Get Outa Here
546,GGP,Got to go pee
547,GGU2,"Good game, you too"
548,GH,Good hand 
549,GIAR,Give it a rest
550,GIC,Gift in crib 
551,GIGO,"Garbage in, garbage out"
552,GIRL,Guy in real life
553,GJ,Good job
554,GL,Good luck
555,GL/HF,"Good luck, have fun "
556,GL2U,Good luck to you 
557,GLA,Good luck all 
558,GLE,Good luck everyone 
559,GLE1,Good luck everyone 
560,GLNG,Good luck next game 
561,GMBA,Giggling my butt off
562,GMTA,Great minds think alike
563,GMV,Got my vote
564,GN,Good night
565,GNA,Good night all
566,GNE1,Good night everyone
567,GNIGHT,Good night
568,GNITE,Good night
569,GNSD,"Good night, sweet dreams"
570,GOAT,Greatest of all Time
571,GOI,Get over it
572,GOL,Giggling out loud
573,GOMB,Get off my back
574,GPOY,Gratuitous picture of yourself
575,GR&D,"Grinning, running and ducking"
576,GR8,Great
577,GRATZ,Congratulations
578,GRL,Girl
579,GRWG,Get right with God
580,GS,Good shot
581,GT,Good try
582,GTFO,Get the *freak* out
583,GTFOH,Get the *freak* outta here
584,GTG,Got to go
585,GTM,Giggling to myself
586,GTRM,Going to read mail
587,GTSY,Great  to see you
588,GUCCI,Good
589,GUD,Good
590,GWHTLC,Glad we had this little chat
591,H,Hug
592,H&K,Hugs & kisses
593,H2CUS,Hope to see you soon
594,H8,Hate
595,H8TTU,Hate to be you
596,HAG1,Have a good one
597,HAGN,Have a good night
598,HAGO,Have a good one
599,HAK,Hug and kiss
600,HALP,Help 
601,HAND,Have a nice day
602,HAU,How about you?
603,HAWT,Have a wonderful day 
604,HB,Hurry back
605,HBD,Happy birthday
606,H-BDAY,Happy Birthday
607,HBU,How about you?
608,HF,Have fun
609,HFAC,Holy flipping animal crackers
610,H-FDAY,Happy Father’s Day
611,HHIS,Head hanging in shame
612,HIFW,How I felt when… 
613,HL,Half Life 
614,HLA,Hola / hello 
615,H-MDAY,Happy Mother’s Day
616,HMU,Hit me up
617,HNL,Hole ‘nother level
618,HOAS,Hold on a second
619,HP,Hit points / Health points 
620,HRU,How are you?
621,HTH,Hope this helps
622,HUB,Head up butt
623,HUYA,Head up your *butt*
624,HV,Have
625,HVH,Heroic Violet Hold 
626,HW,Homework
627,HYFR,"Hell yeah, *Freaking* right!"
628,I2,I too 
629,IA8,I already ate
630,IAAA,I am an accountant
631,IAAD,I am a doctor
632,IAAL,I am a lawyer
633,IAC,In any case
634,IAE,In any event
635,IANAC,I am not a crook
636,IANAL,I am not a lawyer
637,IAO,I am out 
638,IB,I’m back
639,IC,I see
640,ICAM,I couldn’t agree more
641,ICBW,It could be worse
642,ICEDI,I can’t even discuss it
643,ICFILWU,I could fall in love with you
644,ICYMI,In case you missed it 
645,IDBI,I don’t believe it
646,IDC,I don’t care
647,IDGAF,I don’t give a *freak*
648,IDK,I don’t know
649,IDTS,I don’t think so
650,IDUNNO,I don’t know
651,IFYP,I feel your pain
652,IG,Instagram
653,IG2R,I got to run
654,IGHT,I got high tonight
655,IGN,I  got nothing
656,IGP,I got to  pee
657,IHNI,I have no idea
658,IIIO,"Intel inside, idiot outside"
659,IIRC,If I remember correctly
660,IK,I know
661,IKR,"I know, right?"
662,ILBL8,I’ll be late
663,ILU,I love you
664,ILUM,I love you man
665,ILY,I love you
666,ILYSM,I love you so much
667,IM,Instant message
668,IMAO,In my arrogant opinion
669,IMHO,In my humble opinion
670,ImL, Means I love you 
671,IMNSHO,In my not so humble opinion
672,IMO,In my opinion
673,IMS,I am sorry
674,IMSB,I am so bored
675,IMTM,I am the man
676,IMU,I miss u 
677,INAL,I’m not a lawyer
678,INC,incoming
679,Inspoo,Inspiration
680,INV,Invite
681,IOMH,In over my head
682,IOW,In other words
683,IRL,In real life
684,IRMC,I rest my case
685,ISLY,I still love you
686,ISO,In search of
687,ITAM,"It’s The Accounting, Man "
688,ITT,In This Thread
689,ITYK,I thought you knew
690,IUSS,If you say so
691,IWALU,I will always love you
692,IWAWO,I want a way out
693,IWIAM,Idiot wrapped in a moron
694,IWSN,I want sex now
695,IYKWIM,If you know what I mean
696,IYO,In your opinion
697,IYQ,I like you
698,IYSS,If you say so
699,j00,You
700,j00r,Your
701,JAC,Just a second
702,JAM,Just a minute
703,JAS,Just a second
704,JC (J/C),Just checking
705,JDI,Just do it
706,JELLY,jealous
707,JFF,Just for fun
708,JFGI,Just *freaking* Google it
709,JIC,Just in case
710,JJ (J/J),Just joking
711,JJA,Just joking around
712,JK (J/K),Just kidding
713,JLMK,Just let me know
714,JMO,Just my opinion
715,JP,Just playing
716,JT (J/T),Just teasing
717,JTLYK,Just to let you know
718,JV,Joint venture
719,JW,Just wondering
720,K,Okay
721,k/b,Keyboard
722,K8T,Katie
723,KB,Keyboard
724,KDFU,Means Cracking  the  *freak* up
725,KEWL,Cool
726,KEYA,I will key you later
727,KEYME,Key me when you get in
728,KFY,Kiss for you
729,KIA,Know it all
730,KIR,Keep it real
731,KISS,"Keep it simple, stupid"
732,KIT,Keep in touch
733,KK,"Knock, knock"
734,KMA,Kiss my *a*
735,KMK,Kiss my keister
736,KMS,Killing myself
737,KMT,Kiss my tushie
738,KNIM,Know what I mean?
739,KNOW,knowledge
740,KOC,Kiss on cheek
741,KOL,Key opinion leader
742,Koreaboo,Someone obsessed with Korean culture
743,KOS,Kid over shoulder
744,KOTC,Kiss on the cheek
745,KOTD,Kicks of the day 
746,KOTL,Kiss on the lips
747,KOW,Knock on wood
748,KPC,Keeping parents clueless
749,KS,Kill then steal 
750,KSC,Kind  sort  chuckle
751,KT,Katie
752,KUTGW,Keep up the good work
753,KYS,Kill yourself
754,L2G,Like to go?
755,L2K,Like to come
756,L2P,Learn to play
757,l33t,"Leet,  ‘elite’"
758,L4L,Like for like 
759,L8R,Later
760,L8RG8R,"Later, gator"
761,LAB,Life’s a *b*
762,LBAY,Laughing back at you
763,LBS,"Laughing, but serious"
764,LBVS,"Laughing, but very serious"
765,LD,"Later, dude"
766,LDO,"Like, duh obviously"
767,LEMENO,Let me know
768,LERK,Leaving easy reach of keyboard
769,LFD,Left for day
770,LFG,Looking for group 
771,LFM,Looking for more 
772,LGH,Lets get high
773,LH6,Lets have sex
774,LHM,Lord help me
775,LHO,Laughing head off
776,LHSX,Lets have sex
777,LI,LinkedIn
778,LIC,Like I care
779,LIK, liquor
780,LIMT,Laugh in my tummy
781,LIT, really good or something fun and exciting
782,LLGB,"Love, later, God bless"
783,LLS,Laughing like *silly*
784,LMAO,Laughing my *a* off
785,LMBO,Laughing my butt off
786,LMFAO,Laughing my freaking *a* off
787,LMIRL,Lets meet in real life
788,LMK,Let me know
789,LMMFAO,Laughing my mother freaking a** off
790,LMNK,Leave my name out
791,LMS,Like my status 
792,LNT, lost in translation
793,LOA,List of acronyms
794,LOL,Laughing out loud
795,LOLH,Laughing out loud hysterically
796,LOLO,Lots of love
797,LOLWTF,What the *freak*?
798,LOTI,Laughing on the inside
799,LOTR,Lord of The Rings 
800,LQTM,Laughing quietly to myself
801,LSHMBH,Laugh so hard my belly hurts
802,LSV,"Language, sex and violence"
803,LTD,Living the dream
804,LTLWDLS,Let’s twist like we did last summer
805,LTNS,Long time no see
806,LTOD,Laptop of death
807,LTS,Laughing to self
808,LULT,Love you long time
809,LULZ," joke, or for laughs"
810,LVM,Left voice mail
811,LWOS,Laughing without smiling
812,LY,Love ya
813,LYLAS,Love you like a sis
814,LYLC,Love you like crazy
815,LYSM,Love you so much
816,M$,Microsoft
817,M8,Mate
818,MB,Mamma’s boy
819,MBS,Mom behind shoulder
820,MC,Merry Christmas
821,MDIAC,My Dad is a cop
822,MEGO,My eyes glaze over
823,MEH,shrug
824,MEHH,sigh
825,MEZ,mesmerize
826,MFI,Mad for it
827,MFW,My face when… 
828,MGB,May God bless
829,MGMT,Management
830,MHOTY,My hat  off to you
831,MIRL,Me in real life
832,MISS.(number),child and her age.
833,MKAY,"Mmm, okay"
834,MLM, give the middle finger
835,MM,Sister 
836,MMK, okay? 
837,MNC,Mother nature calls
838,MNSG,Mensaje 
839,MOD,Moderator
840,MOMBOY,Mamma’s boy
841,MOO,My own opinion
842,MOOS,Member of the opposite sex
843,MORF,Male or female?
844,MOS,Mother over shoulder
845,MOSS,Member of same sex
846,MP,Mana points 
847,MR.(number),child and his age.
848,MRT,Modified ReTweet 
849,MRW,My reaction when… 
850,MSG,Message
851,MTF,More to follow
852,MTFBWU,May the force be with you
853,MU,Miss U 
854,MUAH,Multiple unsuccessful attempts  humor
855,MUSM,Miss you so much
856,MWAH,kiss
857,MYO,Mind your own 
858,MYOB,Mind your own business
859,n00b,Newbie
860,N1,Nice one
861,N2M,Nothing too much
862,NADT,Not a darn thing
863,NALOPKT,Not a lot of people know that
864,NANA,"Not now, no need"
865,NBD,No big deal
866,NBFAB,No bad for a beginner 
867,NC,Nice crib 
868,ND,Nice double 
869,NE,Any
870,NE1,Anyone
871,NERF,Changed and is now weaker
872,NFM,None for me / Not for me
873,NFS,Need for Speed 
874,NFW,No *freaking* way
875,NFWS,Not for work safe
876,NGL,Not gonna  lie
877,NH,Nice hand 
878,NIFOC,Naked in front of computer
879,NIGI,Now I get it
880,NIMBY,Not in my back yard
881,NIROK,Not in reach of keyboard
882,NLT,No later than
883,NM,Nothing much
884,NMH,Not much here
885,NMJC,"Nothing much, just chilling"
886,NMU,"Not much, you?"
887,NO1,No one
888,NOOB, someone who is bad at  games
889,NOWL,knowledge
890,NOYB,None of your business
891,NP,No problem
892,NPC,Non-playing character 
893,NQT,Newly qualified teacher
894,NR,Nice roll 
895,NRN,No response/reply necessary
896,NS,Nice score 
897,NSA,No strings attached
898,NSFL,Not safe for life
899,NSFW,Not safe for work
900,NSISR,Not sure if spelled right
901,NT,Nice try
902,NTHING,Nothing 
903,NTS,Note to self
904,NVM,Never mind
905,NVR,Never
906,NW,No way
907,NWO,No way out
908,O,Opponent 
909,O4U,Only for you
910,OA,Online auctions 
911,OATUS,On a totally unrelated subject
912,OB,Oh baby
913,OBV,Obviously
914,OFC,Of course
915,OG,Original gangster
916,OGIM,"Oh God, it’s Monday"
917,OH,Overheard
918,OHHEMMGEE,Oh My God
919,OI,Operator indisposed
920,OIB,"Oh, I’m back"
921,OIC,"Oh, I see"
922,OJ,Only joking
923,OL,Old lady
924,OLL,Online love
925,OM,Old man
926,OMAA,"Oh, my aching *A* "
927,OMDB,Over my dead body
928,OMFG,Oh my *freaking* God
929,omfglmaobbqrofl,"oh my *freaking* god, laugh my *a* off, owned, roll on floor spinning around I’m so sad"
930,OMG,Oh my God
931,OMGYG2BK,"Oh my God, you got to be kidding"
932,OMGYS,Oh my gosh you suck
933,OMS,promise)
934,OMW,On my way
935,ONL,Online
936,OO,Over and out
937,OOC,Out of character
938,OOH,Out of here
939,OOMF,One of my followers
940,OOTD,One of these days
941,OOTO,Out of the office
942,OP,On phone
943,ORLY,Oh really?
944,OS,Operating system
945,OT,Off topic 
946,OTB,Off to bed
947,OTFL,On the floor laughing
948,OTL,Out to lunch
949,OTOH,On the other hand
950,OTP,On the phone
951,OTT,Over the top
952,OTTOMH,Off the top of my head
953,OTW,Off to work
954,OVA,Over
955,OYO,On your own
956,P,Partner 
957,P2P,Parent to parent
958,P911,Parents coming into room alert
959,PAP,Post a picture
960,PAT,patrol
961,PAW,Parents are watching
962,PBOOK,Phonebook 
963,PC,Player character 
964,PCM,Please call me
965,PDA,Personal display  affection
966,PDH,Pretty darn happy
967,PDQ,Pretty darn quick
968,PDS,Please don’t shoot
969,PEEPS,People
970,PFT,Pretty *freaking* tight
971,PIC,Picture
972,PIP,Peeing in pants 
973,PIR,Parents in room
974,PISS,Put in some sugar
975,PITA,Pain in the *butt*
976,PKMN,Pokemon 
977,PL8,Plate
978,PLD,Played
979,PLMK,Please let me know
980,PLS,Please
981,PLU,People like us
982,PLZ,Please
983,PLZTLME,Please tell me
984,PM,Private Message
985,PMFI,Pardon me for interrupting
986,PMFJI,Pardon me for jumping in
987,PMSL,Pee myself laughing
988,POAHF,Put on a happy face
989,POIDH,"Picture, or it didn’t happen"
990,POS,Parent over shoulder
991,POT,potion
992,POTD,Photo of the day 
993,POV,Point of view
994,PPL,People
995,PPU,Pending pick-up
996,PRESH,Precious
997,PROBS,Probably
998,PROGGY, computer program
999,PROLLY,Probably
1000,PRON, pornography
1001,PRT,Party
1002,PRW,People/parents are watching
1003,PSA,Public Service Announcement
1004,PSOS,Parent standing over shoulder
1005,PSP,Playstation Portable
1006,PST,Please send tell 
1007,PTFO,Pass the *freak* out
1008,PTIYPASI,Put that in your pipe and smoke it
1009,PTL,Praise the Lord
1010,PTMM,Please tell me more
1011,PTO,Paid time off
1012,PU,That stinks!
1013,PUG,Pick up group 
1014,PUKS,Pick up kids 
1015,PVE,"Player vs enemy, Player versus environment "
1016,PVP,Player versus player 
1017,PWN,own
1018,PXT,Please explain that
1019,PYT,Pretty young thing
1020,PZ,Peace
1021,PZA,Pizza
1022,Q,Queue
1023,Q4U, question for you
1024,QC,Quality control
1025,QFE,Question for everyone
1026,QFI,Quoted for idiocy
1027,QFT,Quoted for truth
1028,QIK,Quick
1029,QL,Quit laughing
1030,QOTD,Quote of the day
1031,QQ,Quick question
1032,QQ (qq) (Q_Q),crying eyes
1033,QSL,Reply
1034,QSO,Conversation
1035,QT,Cutie
1036,QTPI,Cutie pie
1037,R,are
1038,R8,Rate 
1039,RBAY,Right back at you
1040,RFN,Right *freaking* now
1041,RGR,Roger 
1042,RHIP,Rank has its privileges
1043,RIP,Rest in peace
1044,RL,Real life
1045,RLY,Really
1046,RME,Rolling my eyes
1047,RMLB,Read my lips baby
1048,RMMM,Read my mail man
1049,ROFL,Rolling on floor laughing
1050,ROFLCOPTER,Rolling on floor laughing and spinning around
1051,ROFLMAO,"Rolling on the floor, laughing my *butt* off"
1052,ROTFL,Rolling on the floor laughing
1053,ROTFLUTS,Rolling on the floor laughing unable to speak
1054,RS,Runescape 
1055,RSN,Real soon now
1056,RT,Roger that
1057,RTBS,Reason to be single
1058,RTFM,Read the *freaking* manual
1059,RTFQ,Read the *freaking* question
1060,RTHX,Thanks for the RT (Retweet)
1061,RTMS,"Read the manual, stupid"
1062,RTNTN,Retention 
1063,RTRCTV,Retroactive 
1064,RTRMT,Retirement 
1065,RTSM,Read the stupid manual
1066,RTWFQ,Read the whole *freaking* question
1067,RU,Are you?
1068,RUMOF,Are you male or female?
1069,RUOK,Are you okay?
1070,RUT,Are u  there?
1071,RW,Real world
1072,RX,Regards
1073,RYB,Read your Bible
1074,RYO,Roll your own
1075,RYS,Read your screen
1076,S’OK, It’  okay 
1077,S2R,Send to receive 
1078,S2S,Sorry to say
1079,S4L,Spam for life
1080,SAL,Such a laugh
1081,SAT,Sorry about that
1082,SAVAGE,Slang for a shockingly careless expression or response to an event or message
1083,SB,Snap back 
1084,SBIA, Standing back in amazement
1085,SBT,Sorry ’bout that
1086,SC,Stay cool
1087,SD,Sweet dreams
1088,SDMB,"Sweet dreams, my baby"
1089,SELFIE,A photo that is taken of oneself for social media sharing 
1090,SENPAI," someone older than you, someone you look up to"
1091,SEO,Search engine optimization
1092,SETE,Smiling Ear-to-Ear
1093,SFAIK,So far as I know
1094,SH,Same here
1095,SH^,Shut up
1096,SHID,Slapping head in disgust
1097,SHIP,wishing two people were in a relationship
1098,SICNR,"Sorry, I could not resist"
1099,SIG2R,"Sorry, I got to run"
1100,SIHTH,Stupidity is hard to take
1101,SIMYC,Sorry I missed your call
1102,SIR,Strike it rich
1103,SIS,Snickering in silence
1104,SIT,Stay in touch
1105,SITD,Still in the dark
1106,SJW,Social justice warrior
1107,SK8,Skate
1108,SK8NG,Skating
1109,SK8R,Skater
1110,SK8RBOI,Skater Boy
1111,SLAP,Sounds like a plan
1112,Slay,To succeed at something
1113,SM,Social media
1114,SMAZED,Smoky haze 
1115,SMEXI,"Combination of sexy and Mexican, used to describe attractive people"
1116,SMH,Shaking my head
1117,SMHID,Scratching my head in disbelief
1118,SNAFU,Situation normal all fouled up
1119,SNERT,Snot nosed egotistical rude teenager
1120,SNR,Streaks and Recents 
1121,SO,Significant other
1122,SOAB,Son of a *B*
1123,SOL,Sooner or later
1124,SOMY,Sick of me yet?
1125,SorG,Straight or Gay?
1126,SOS, help
1127,SOT,Short of time
1128,SOTMG,"Short of time, must go"
1129,SOWM,Someone with me
1130,SPK,Speak 
1131,SPST,"Same place, same time"
1132,SPTO,Spoke to
1133,SQ,Square
1134,SRSLY,Seriously
1135,SRY,Sorry
1136,SS,So sorry
1137,SSDD,"Same stuff, different day"
1138,SSIF,So stupid it’s funny
1139,SSINF,So stupid it’s not funny
1140,ST&D,Stop texting and drive
1141,Stan, a die-hard fan of someone 
1142,STFU,Shut the *freak* up
1143,STR8,Straight
1144,STW,Search the Web
1145,SU,Shut up
1146,SUITM,See you in the morning
1147,SUL,See you later
1148,SUP,What’s up?
1149,SUTH,So use to haters 
1150,SUX,it sucks
1151,SUYF,Shut up you fool
1152,SWAG, free stuff and giveaways from tech tradeshows 
1153,SWAK,Sent  with a kiss
1154,SWALK,Sealed  with a loving kiss
1155,SWAT,Scientific wild *butt* guess
1156,SWL,Screaming with laughter
1157,SWMBO,She who must be obeyed.  wife or partner
1158,SYL,See you later
1159,SYS,See you soon
1160,SYY,Shut your yapper
1161,T:)T,Think happy thoughts
1162,T+,Think positive
1163,T4BU,Thanks for being you
1164,TA,Thanks a lot
1165,TAFN,That’s all for now
1166,TAM,Tomorro a.m.
1167,TANK, really strong
1168,TANKED,owned
1169,TANKING,owning
1170,TARFU,Things Are Really *fouled* Up.
1171,TAU,Thinking about u 
1172,TAUMUALU,Thinking about you miss you always love you
1173,TBAG,"Process of disgracing a corpse, taunting a fragged/killed player "
1174,TBBH,To be brutally honest
1175,TBC,To be continued
1176,TBD,To be determined
1177,TBH,To be honest
1178,TBL,Text back later
1179,TBT,Throwback Thursday 
1180,TC,Take care
1181,TCB,Take care of business
1182,TCOY,Take care of yourself
1183,TD,Tower defense 
1184,TD2M,Talk dirty to me
1185,TDTM,Talk dirty to me
1186,TEA, gossip
1187,TFF,Too *freaking* funny
1188,TFS,Thanks for sharing
1189,TFTF,Thanks for the follow 
1190,TFTI,Thanks for the invitation
1191,TFTT,Thanks for this tweet 
1192,TG,Thank goodness
1193,TGIF,Thank God it’s Friday
1194,THNQ,Thank-you 
1195,THNX,Thanks
1196,THOT,That wh*re over there
1197,THT,Think happy thoughts
1198,THX,Thanks
1199,TIA,Thanks in advance
1200,TIAD,Tomorrow is another day
1201,TIC,Tongue-in-cheek
1202,TIL,Today I learned
1203,TILIS,Tell it like it is
1204,TIR,Teacher in room
1205,TL,Too long
1206,TL;DR,Too long; didn’t read
1207,TLK2UL8R,Talk to you later
1208,TM,Trust me
1209,TMA,Take my advice
1210,TMB,Text me back
1211,TMI,Too much information
1212,TMOT,Trust me on this
1213,TMTH,Too much to handle
1214,TMWFI,Take my word for it
1215,TMYL,Tell me your location
1216,TNSTAAFL,There’s no such thing as a free lunch
1217,TNT,Til next time
1218,TOJ,Tears of joy
1219,TOS,Terms of service
1220,TOTES,Totally
1221,TOU,Thinking of you
1222,TOY,Thinking of you
1223,TPM,Tomorrow p.m.
1224,TPTB,The powers that be
1225,TQ,Te quiero / I love you 
1226,TSH,Tripping so hard
1227,TSNF,That’s so not fair
1228,TSTB,"The sooner, the better"
1229,TT,Trending topic 
1230,TTFN,Ta ta for now
1231,TTG,Time to go
1232,TTLY,Totally
1233,TTTT,These things take time
1234,TTUL,Talk to you later
1235,TTYAFN,Talk to you awhile from now
1236,TTYL,Talk to you later
1237,TTYS,Talk to you soon
1238,TU,Thank you
1239,TUI,Turning you in
1240,TURNT," excitement, turned up"
1241,TWSS,That’s what she said
1242,TX,Thanks
1243,TY,Thank you
1244,TYAFY,Thank you and *freak* you
1245,TYFC,Thank you for charity 
1246,TYFYC,Thank you for your comment
1247,TYS,Told you so
1248,TYSO,Thank you so much
1249,TYT,Take your time
1250,TYVM,Thank you very much
1251,UCMU,You crack me up
1252,UDI,Unidentified drinking injury 
1253,UDM,U  da  man
1254,UDS,Ugly domestic scene
1255,UFB,Un *freaking* believable
1256,UFN,Until further notice
1257,UFWM,You *freaking* with me?
1258,UGTBK,You’ve got to be kidding
1259,UHGTBSM,You have got to be s#$t*ing me!
1260,UKTR,You know that’s right
1261,UL,Upload
1262,U-L,You will
1263,UN4TUN8,Unfortunate
1264,UNA,Use no acronyms
1265,UNBLEFBLE,Unbelievable
1266,UNCRTN,Uncertain
1267,UNPC,Un-  politically correct
1268,UOK, You ok?
1269,UR,You are / You’re
1270,UR2YS4ME,You are too wise for me
1271,URA*,You are a star
1272,URH,You are hot 
1273,URSKTM,You are so kind to me
1274,URTM,You are the man
1275,URW,You are welcome
1276,USBCA,Until something better comes along
1277,USU,Usually
1278,UT,Unreal Tournament 
1279,UT2L,You take too long
1280,UTM,You tell me
1281,UV,Unpleasant visual
1282,UW,You’re welcome
1283,UX,User experience
1284,V,Very
1285,VAT,Value added tax
1286,VBL,Visible bra line
1287,VBS,Very big smile
1288,VC,Voice chat
1289,VEG,Very evil grin
1290,VFF,Very freaking funny
1291,VFM,Value for money
1292,VGC,Very good condition
1293,VGG,Very good game 
1294,VGH,Very good hand 
1295,VIP,Very important person
1296,VM,Voice mail
1297,VN,Very nice
1298,VNH,Very nice hand 
1299,VoIP,Voice over Internet Protocol 
1300,VRY,Very
1301,VSC,Very soft chuckle
1302,VSF,Very sad face
1303,VWD,Very well done 
1304,VWP,Very well played 
1305,W/,With
1306,W/B,Welcome back
1307,W/E,Whatever
1308,W/END,Weekend
1309,W/O,Without
1310,W@,What?
1311,W3,WWW 
1312,W8,Wait
1313,WAH,Working at home
1314,WAJ,What a jerk
1315,WAM,Wait a minute
1316,WAN2,Want to? 
1317,WAN2TLK,Want to talk
1318,WAREZ, pirated  software
1319,WAS,Wait a second
1320,WAT,What
1321,WAWA,Where are we at?
1322,WAYF,Where are you from?
1323,WB,Welcome back
1324,WBS,Write back soon
1325,WBU,What about you?
1326,WC,Welcome
1327,WCA,Who cares anyway
1328,WDALYIC,Who died and left you in charge
1329,WDYK,What do you know?
1330,WDYT,What do you think?
1331,WE,Whatever
1332,WEBO,Webopedia
1333,WEEBO,Describes a person obsessed with of Japanese culture
1334,WEP,Weapon 
1335,WGACA,What do you think?
1336,WH5,"Who, what, when, where, why"
1337,WHATEVES,Whatever
1338,WIBNI,Wouldn’t it be nice if
1339,WIIFM,What’s in it for me?
1340,WISP,Winning is so pleasurable
1341,WITP,What is the point?
1342,WITW,What in the world
1343,WIU,Wrap it up
1344,WK,Week
1345,WKD,Weekend
1346,WL,Whatta loser
1347,WOA,Work of Art
1348,WOKE,"Slang for people who are aware of current social issues, and politics"
1349,WOMBAT,"Waste of money, brains and time"
1350,WOW,World of Warcraft 
1351,WRK,Work
1352,WRT,With regard to
1353,WRU,Where are you?
1354,WRU@,Where are you at?
1355,WRUD,What are you doing?
1356,WTB,Want to buy 
1357,WTF,What the *freak* ?
1358,WTFE,What the *freak* ever
1359,WTFO,"What the *freak* ?, over."
1360,WTG,Way to go
1361,WTGP,Want to go private 
1362,WTH,What the heck?
1363,WTM,Who’s the man?
1364,WTS,Want to sell? 
1365,WTT,Want to trade? 
1366,WU,What’s up?
1367,WUCIWUG,What you see is what you get
1368,WUF,Where are you from?
1369,WUP,What’s up?
1370,WUT,what
1371,WUU2,What are you up to?
1372,WUW,What u  want?
1373,WUZ,was
1374,WWJD,What would Jesus do?
1375,WWNC,Will wonders never cease
1376,WWYC,Write when you can
1377,WYCM,Will you call me?
1378,WYD,What  you doing?
1379,WYGAM,When you get a minute
1380,WYHAM,When you have a minute
1381,WYLEI,When you least expect it
1382,WYSIWYG,What you see is what you get
1383,WYWH,Wish you were here
1384,X,Kiss
1385,X!,a typical woman
1386,X-1-10,Exciting
1387,XD,really hard laugh
1388,XLNT,Excellent
1389,XLR8,faster
1390,XME,Excuse Me
1391,XOXOXO,Hugs & Kisses
1392,XPOST, Cross-post. A link posted to a subreddit that was already shared on a different subreddit 
1393,XYL,"Ex-young lady,  wife. "
1394,XYZ,Examine your zipper
1395,Y, Yawn
1396,Y?,Why?
1397,Y2K,You’re too kind
1398,YA,Your
1399,YAA,Yet another acronym
1400,YABA,Yet another bloody acronym
1401,YARLY,"Ya, really?"
1402,YAS,praise
1403,YBIC,Your brother in Christ
1404,YBS,You’ll be sorry
1405,YCDBWYCID,You can’t do business when your computer is down
1406,YCHT,You can have them
1407,YCLIU,You can look it up
1408,YCMU,You crack me up
1409,YCT, Your comment to?
1410,YD,Yesterday
1411,YEET," excitement, approval or display of energy "
1412,YF,Wife
1413,YG,Young gentleman
1414,YGG,You go girl
1415,YGTBKM,You’ve got to be kidding me
1416,YGTR,You got that right
1417,YHBT,You have been trolled
1418,YHBW,You have been warned
1419,YHL,You have lost
1420,YIU,"Yes, I understand"
1421,YKW,You know what
1422,YKWYCD,You know what you can do
1423,YL,Young lady
1424,YMMV,Your mileage may vary
1425,YNK,You never know
1426,YOLO,You only live once
1427,YR,Your
1428,YRYOCC,You’re running your own cuckoo clock
1429,YSIC,Your sister in Christ
1430,YSYD,Yeah sure you do
1431,YT,YouTube
1432,YTB,You’re the best
1433,YTG,You’re the greatest
1434,YTTL,You take too long
1435,YW,You’re welcome
1436,YWHNB,"Yes, we have no bananas"
1437,YWHOL,woohoo
1438,YWSYLS,"You win some, you lose some"
1439,YYSSW,"Yeah, yeah, sure, sure, whatever"
1440,Z,Zero
1441,Z%,Zoo
1442,ZH,Sleeping Hour
1443,ZOMG,Used in World of Warcraft to mean OMG 
1444,ZOT,Zero tolerance
1445,ZUP,What’s up?
1446,ZZZZ,Sleeping 
